"","x"
"1","lh.aparc.a2009s.stats.222.ThickAvg.G_and_S_frontomargin"
"2","lh.aparc.a2009s.stats.223.ThickAvg.G_and_S_occipital_inf"
"3","lh.aparc.a2009s.stats.224.ThickAvg.G_and_S_paracentral"
"4","lh.aparc.a2009s.stats.225.ThickAvg.G_and_S_subcentral"
"5","lh.aparc.a2009s.stats.226.ThickAvg.G_and_S_transv_frontopol"
"6","lh.aparc.a2009s.stats.227.ThickAvg.G_and_S_cingul-Ant"
"7","lh.aparc.a2009s.stats.228.ThickAvg.G_and_S_cingul-Mid-Ant"
"8","lh.aparc.a2009s.stats.229.ThickAvg.G_and_S_cingul-Mid-Post"
"9","lh.aparc.a2009s.stats.230.ThickAvg.G_cingul-Post-dorsal"
"10","lh.aparc.a2009s.stats.231.ThickAvg.G_cingul-Post-ventral"
"11","lh.aparc.a2009s.stats.232.ThickAvg.G_cuneus"
"12","lh.aparc.a2009s.stats.233.ThickAvg.G_front_inf-Opercular"
"13","lh.aparc.a2009s.stats.234.ThickAvg.G_front_inf-Orbital"
"14","lh.aparc.a2009s.stats.235.ThickAvg.G_front_inf-Triangul"
"15","lh.aparc.a2009s.stats.236.ThickAvg.G_front_middle"
"16","lh.aparc.a2009s.stats.237.ThickAvg.G_front_sup"
"17","lh.aparc.a2009s.stats.238.ThickAvg.G_Ins_lg_and_S_cent_ins"
"18","lh.aparc.a2009s.stats.239.ThickAvg.G_insular_short"
"19","lh.aparc.a2009s.stats.240.ThickAvg.G_occipital_middle"
"20","lh.aparc.a2009s.stats.241.ThickAvg.G_occipital_sup"
"21","lh.aparc.a2009s.stats.242.ThickAvg.G_oc-temp_lat-fusifor"
"22","lh.aparc.a2009s.stats.243.ThickAvg.G_oc-temp_med-Lingual"
"23","lh.aparc.a2009s.stats.244.ThickAvg.G_oc-temp_med-Parahip"
"24","lh.aparc.a2009s.stats.245.ThickAvg.G_orbital"
"25","lh.aparc.a2009s.stats.246.ThickAvg.G_pariet_inf-Angular"
"26","lh.aparc.a2009s.stats.247.ThickAvg.G_pariet_inf-Supramar"
"27","lh.aparc.a2009s.stats.248.ThickAvg.G_parietal_sup"
"28","lh.aparc.a2009s.stats.249.ThickAvg.G_postcentral"
"29","lh.aparc.a2009s.stats.250.ThickAvg.G_precentral"
"30","lh.aparc.a2009s.stats.251.ThickAvg.G_precuneus"
"31","lh.aparc.a2009s.stats.252.ThickAvg.G_rectus"
"32","lh.aparc.a2009s.stats.253.ThickAvg.G_subcallosal"
"33","lh.aparc.a2009s.stats.254.ThickAvg.G_temp_sup-G_T_transv"
"34","lh.aparc.a2009s.stats.255.ThickAvg.G_temp_sup-Lateral"
"35","lh.aparc.a2009s.stats.256.ThickAvg.G_temp_sup-Plan_polar"
"36","lh.aparc.a2009s.stats.257.ThickAvg.G_temp_sup-Plan_tempo"
"37","lh.aparc.a2009s.stats.258.ThickAvg.G_temporal_inf"
"38","lh.aparc.a2009s.stats.259.ThickAvg.G_temporal_middle"
"39","lh.aparc.a2009s.stats.260.ThickAvg.Lat_Fis-ant-Horizont"
"40","lh.aparc.a2009s.stats.261.ThickAvg.Lat_Fis-ant-Vertical"
"41","lh.aparc.a2009s.stats.262.ThickAvg.Lat_Fis-post"
"42","lh.aparc.a2009s.stats.263.ThickAvg.Pole_occipital"
"43","lh.aparc.a2009s.stats.264.ThickAvg.Pole_temporal"
"44","lh.aparc.a2009s.stats.265.ThickAvg.S_calcarine"
"45","lh.aparc.a2009s.stats.266.ThickAvg.S_central"
"46","lh.aparc.a2009s.stats.267.ThickAvg.S_cingul-Marginalis"
"47","lh.aparc.a2009s.stats.268.ThickAvg.S_circular_insula_ant"
"48","lh.aparc.a2009s.stats.269.ThickAvg.S_circular_insula_inf"
"49","lh.aparc.a2009s.stats.270.ThickAvg.S_circular_insula_sup"
"50","lh.aparc.a2009s.stats.271.ThickAvg.S_collat_transv_ant"
"51","lh.aparc.a2009s.stats.272.ThickAvg.S_collat_transv_post"
"52","lh.aparc.a2009s.stats.273.ThickAvg.S_front_inf"
"53","lh.aparc.a2009s.stats.274.ThickAvg.S_front_middle"
"54","lh.aparc.a2009s.stats.275.ThickAvg.S_front_sup"
"55","lh.aparc.a2009s.stats.276.ThickAvg.S_interm_prim-Jensen"
"56","lh.aparc.a2009s.stats.277.ThickAvg.S_intrapariet_and_P_trans"
"57","lh.aparc.a2009s.stats.278.ThickAvg.S_oc_middle_and_Lunatus"
"58","lh.aparc.a2009s.stats.279.ThickAvg.S_oc_sup_and_transversal"
"59","lh.aparc.a2009s.stats.280.ThickAvg.S_occipital_ant"
"60","lh.aparc.a2009s.stats.281.ThickAvg.S_oc-temp_lat"
"61","lh.aparc.a2009s.stats.282.ThickAvg.S_oc-temp_med_and_Lingual"
"62","lh.aparc.a2009s.stats.283.ThickAvg.S_orbital_lateral"
"63","lh.aparc.a2009s.stats.284.ThickAvg.S_orbital_med-olfact"
"64","lh.aparc.a2009s.stats.285.ThickAvg.S_orbital-H_Shaped"
"65","lh.aparc.a2009s.stats.286.ThickAvg.S_parieto_occipital"
"66","lh.aparc.a2009s.stats.287.ThickAvg.S_pericallosal"
"67","lh.aparc.a2009s.stats.288.ThickAvg.S_postcentral"
"68","lh.aparc.a2009s.stats.289.ThickAvg.S_precentral-inf-part"
"69","lh.aparc.a2009s.stats.290.ThickAvg.S_precentral-sup-part"
"70","lh.aparc.a2009s.stats.291.ThickAvg.S_suborbital"
"71","lh.aparc.a2009s.stats.292.ThickAvg.S_subparietal"
"72","lh.aparc.a2009s.stats.293.ThickAvg.S_temporal_inf"
"73","lh.aparc.a2009s.stats.294.ThickAvg.S_temporal_sup"
"74","lh.aparc.a2009s.stats.295.ThickAvg.S_temporal_transverse"
"75","lh.aparc.a2009s.stats.370.MeanCurv.G_and_S_frontomargin"
"76","lh.aparc.a2009s.stats.371.MeanCurv.G_and_S_occipital_inf"
"77","lh.aparc.a2009s.stats.372.MeanCurv.G_and_S_paracentral"
"78","lh.aparc.a2009s.stats.373.MeanCurv.G_and_S_subcentral"
"79","lh.aparc.a2009s.stats.374.MeanCurv.G_and_S_transv_frontopol"
"80","lh.aparc.a2009s.stats.375.MeanCurv.G_and_S_cingul-Ant"
"81","lh.aparc.a2009s.stats.376.MeanCurv.G_and_S_cingul-Mid-Ant"
"82","lh.aparc.a2009s.stats.377.MeanCurv.G_and_S_cingul-Mid-Post"
"83","lh.aparc.a2009s.stats.378.MeanCurv.G_cingul-Post-dorsal"
"84","lh.aparc.a2009s.stats.379.MeanCurv.G_cingul-Post-ventral"
"85","lh.aparc.a2009s.stats.380.MeanCurv.G_cuneus"
"86","lh.aparc.a2009s.stats.381.MeanCurv.G_front_inf-Opercular"
"87","lh.aparc.a2009s.stats.382.MeanCurv.G_front_inf-Orbital"
"88","lh.aparc.a2009s.stats.383.MeanCurv.G_front_inf-Triangul"
"89","lh.aparc.a2009s.stats.384.MeanCurv.G_front_middle"
"90","lh.aparc.a2009s.stats.385.MeanCurv.G_front_sup"
"91","lh.aparc.a2009s.stats.386.MeanCurv.G_Ins_lg_and_S_cent_ins"
"92","lh.aparc.a2009s.stats.387.MeanCurv.G_insular_short"
"93","lh.aparc.a2009s.stats.388.MeanCurv.G_occipital_middle"
"94","lh.aparc.a2009s.stats.389.MeanCurv.G_occipital_sup"
"95","lh.aparc.a2009s.stats.390.MeanCurv.G_oc-temp_lat-fusifor"
"96","lh.aparc.a2009s.stats.391.MeanCurv.G_oc-temp_med-Lingual"
"97","lh.aparc.a2009s.stats.392.MeanCurv.G_oc-temp_med-Parahip"
"98","lh.aparc.a2009s.stats.393.MeanCurv.G_orbital"
"99","lh.aparc.a2009s.stats.394.MeanCurv.G_pariet_inf-Angular"
"100","lh.aparc.a2009s.stats.395.MeanCurv.G_pariet_inf-Supramar"
"101","lh.aparc.a2009s.stats.396.MeanCurv.G_parietal_sup"
"102","lh.aparc.a2009s.stats.397.MeanCurv.G_postcentral"
"103","lh.aparc.a2009s.stats.398.MeanCurv.G_precentral"
"104","lh.aparc.a2009s.stats.399.MeanCurv.G_precuneus"
"105","lh.aparc.a2009s.stats.400.MeanCurv.G_rectus"
"106","lh.aparc.a2009s.stats.401.MeanCurv.G_subcallosal"
"107","lh.aparc.a2009s.stats.402.MeanCurv.G_temp_sup-G_T_transv"
"108","lh.aparc.a2009s.stats.403.MeanCurv.G_temp_sup-Lateral"
"109","lh.aparc.a2009s.stats.404.MeanCurv.G_temp_sup-Plan_polar"
"110","lh.aparc.a2009s.stats.405.MeanCurv.G_temp_sup-Plan_tempo"
"111","lh.aparc.a2009s.stats.406.MeanCurv.G_temporal_inf"
"112","lh.aparc.a2009s.stats.407.MeanCurv.G_temporal_middle"
"113","lh.aparc.a2009s.stats.408.MeanCurv.Lat_Fis-ant-Horizont"
"114","lh.aparc.a2009s.stats.409.MeanCurv.Lat_Fis-ant-Vertical"
"115","lh.aparc.a2009s.stats.410.MeanCurv.Lat_Fis-post"
"116","lh.aparc.a2009s.stats.411.MeanCurv.Pole_occipital"
"117","lh.aparc.a2009s.stats.412.MeanCurv.Pole_temporal"
"118","lh.aparc.a2009s.stats.413.MeanCurv.S_calcarine"
"119","lh.aparc.a2009s.stats.414.MeanCurv.S_central"
"120","lh.aparc.a2009s.stats.415.MeanCurv.S_cingul-Marginalis"
"121","lh.aparc.a2009s.stats.416.MeanCurv.S_circular_insula_ant"
"122","lh.aparc.a2009s.stats.417.MeanCurv.S_circular_insula_inf"
"123","lh.aparc.a2009s.stats.418.MeanCurv.S_circular_insula_sup"
"124","lh.aparc.a2009s.stats.419.MeanCurv.S_collat_transv_ant"
"125","lh.aparc.a2009s.stats.420.MeanCurv.S_collat_transv_post"
"126","lh.aparc.a2009s.stats.421.MeanCurv.S_front_inf"
"127","lh.aparc.a2009s.stats.422.MeanCurv.S_front_middle"
"128","lh.aparc.a2009s.stats.423.MeanCurv.S_front_sup"
"129","lh.aparc.a2009s.stats.424.MeanCurv.S_interm_prim-Jensen"
"130","lh.aparc.a2009s.stats.425.MeanCurv.S_intrapariet_and_P_trans"
"131","lh.aparc.a2009s.stats.426.MeanCurv.S_oc_middle_and_Lunatus"
"132","lh.aparc.a2009s.stats.427.MeanCurv.S_oc_sup_and_transversal"
"133","lh.aparc.a2009s.stats.428.MeanCurv.S_occipital_ant"
"134","lh.aparc.a2009s.stats.429.MeanCurv.S_oc-temp_lat"
"135","lh.aparc.a2009s.stats.430.MeanCurv.S_oc-temp_med_and_Lingual"
"136","lh.aparc.a2009s.stats.431.MeanCurv.S_orbital_lateral"
"137","lh.aparc.a2009s.stats.432.MeanCurv.S_orbital_med-olfact"
"138","lh.aparc.a2009s.stats.433.MeanCurv.S_orbital-H_Shaped"
"139","lh.aparc.a2009s.stats.434.MeanCurv.S_parieto_occipital"
"140","lh.aparc.a2009s.stats.435.MeanCurv.S_pericallosal"
"141","lh.aparc.a2009s.stats.436.MeanCurv.S_postcentral"
"142","lh.aparc.a2009s.stats.437.MeanCurv.S_precentral-inf-part"
"143","lh.aparc.a2009s.stats.438.MeanCurv.S_precentral-sup-part"
"144","lh.aparc.a2009s.stats.439.MeanCurv.S_suborbital"
"145","lh.aparc.a2009s.stats.440.MeanCurv.S_subparietal"
"146","lh.aparc.a2009s.stats.441.MeanCurv.S_temporal_inf"
"147","lh.aparc.a2009s.stats.442.MeanCurv.S_temporal_sup"
"148","lh.aparc.a2009s.stats.443.MeanCurv.S_temporal_transverse"
"149","lh.aparc.a2009s.stats.444.GausCurv.G_and_S_frontomargin"
"150","lh.aparc.a2009s.stats.445.GausCurv.G_and_S_occipital_inf"
"151","lh.aparc.a2009s.stats.446.GausCurv.G_and_S_paracentral"
"152","lh.aparc.a2009s.stats.447.GausCurv.G_and_S_subcentral"
"153","lh.aparc.a2009s.stats.448.GausCurv.G_and_S_transv_frontopol"
"154","lh.aparc.a2009s.stats.449.GausCurv.G_and_S_cingul-Ant"
"155","lh.aparc.a2009s.stats.450.GausCurv.G_and_S_cingul-Mid-Ant"
"156","lh.aparc.a2009s.stats.451.GausCurv.G_and_S_cingul-Mid-Post"
"157","lh.aparc.a2009s.stats.452.GausCurv.G_cingul-Post-dorsal"
"158","lh.aparc.a2009s.stats.453.GausCurv.G_cingul-Post-ventral"
"159","lh.aparc.a2009s.stats.454.GausCurv.G_cuneus"
"160","lh.aparc.a2009s.stats.455.GausCurv.G_front_inf-Opercular"
"161","lh.aparc.a2009s.stats.456.GausCurv.G_front_inf-Orbital"
"162","lh.aparc.a2009s.stats.457.GausCurv.G_front_inf-Triangul"
"163","lh.aparc.a2009s.stats.458.GausCurv.G_front_middle"
"164","lh.aparc.a2009s.stats.459.GausCurv.G_front_sup"
"165","lh.aparc.a2009s.stats.460.GausCurv.G_Ins_lg_and_S_cent_ins"
"166","lh.aparc.a2009s.stats.461.GausCurv.G_insular_short"
"167","lh.aparc.a2009s.stats.462.GausCurv.G_occipital_middle"
"168","lh.aparc.a2009s.stats.463.GausCurv.G_occipital_sup"
"169","lh.aparc.a2009s.stats.464.GausCurv.G_oc-temp_lat-fusifor"
"170","lh.aparc.a2009s.stats.465.GausCurv.G_oc-temp_med-Lingual"
"171","lh.aparc.a2009s.stats.466.GausCurv.G_oc-temp_med-Parahip"
"172","lh.aparc.a2009s.stats.467.GausCurv.G_orbital"
"173","lh.aparc.a2009s.stats.468.GausCurv.G_pariet_inf-Angular"
"174","lh.aparc.a2009s.stats.469.GausCurv.G_pariet_inf-Supramar"
"175","lh.aparc.a2009s.stats.470.GausCurv.G_parietal_sup"
"176","lh.aparc.a2009s.stats.471.GausCurv.G_postcentral"
"177","lh.aparc.a2009s.stats.472.GausCurv.G_precentral"
"178","lh.aparc.a2009s.stats.473.GausCurv.G_precuneus"
"179","lh.aparc.a2009s.stats.474.GausCurv.G_rectus"
"180","lh.aparc.a2009s.stats.475.GausCurv.G_subcallosal"
"181","lh.aparc.a2009s.stats.476.GausCurv.G_temp_sup-G_T_transv"
"182","lh.aparc.a2009s.stats.477.GausCurv.G_temp_sup-Lateral"
"183","lh.aparc.a2009s.stats.478.GausCurv.G_temp_sup-Plan_polar"
"184","lh.aparc.a2009s.stats.479.GausCurv.G_temp_sup-Plan_tempo"
"185","lh.aparc.a2009s.stats.480.GausCurv.G_temporal_inf"
"186","lh.aparc.a2009s.stats.481.GausCurv.G_temporal_middle"
"187","lh.aparc.a2009s.stats.482.GausCurv.Lat_Fis-ant-Horizont"
"188","lh.aparc.a2009s.stats.483.GausCurv.Lat_Fis-ant-Vertical"
"189","lh.aparc.a2009s.stats.484.GausCurv.Lat_Fis-post"
"190","lh.aparc.a2009s.stats.485.GausCurv.Pole_occipital"
"191","lh.aparc.a2009s.stats.486.GausCurv.Pole_temporal"
"192","lh.aparc.a2009s.stats.487.GausCurv.S_calcarine"
"193","lh.aparc.a2009s.stats.488.GausCurv.S_central"
"194","lh.aparc.a2009s.stats.489.GausCurv.S_cingul-Marginalis"
"195","lh.aparc.a2009s.stats.490.GausCurv.S_circular_insula_ant"
"196","lh.aparc.a2009s.stats.491.GausCurv.S_circular_insula_inf"
"197","lh.aparc.a2009s.stats.492.GausCurv.S_circular_insula_sup"
"198","lh.aparc.a2009s.stats.493.GausCurv.S_collat_transv_ant"
"199","lh.aparc.a2009s.stats.494.GausCurv.S_collat_transv_post"
"200","lh.aparc.a2009s.stats.495.GausCurv.S_front_inf"
"201","lh.aparc.a2009s.stats.496.GausCurv.S_front_middle"
"202","lh.aparc.a2009s.stats.497.GausCurv.S_front_sup"
"203","lh.aparc.a2009s.stats.498.GausCurv.S_interm_prim-Jensen"
"204","lh.aparc.a2009s.stats.499.GausCurv.S_intrapariet_and_P_trans"
"205","lh.aparc.a2009s.stats.500.GausCurv.S_oc_middle_and_Lunatus"
"206","lh.aparc.a2009s.stats.501.GausCurv.S_oc_sup_and_transversal"
"207","lh.aparc.a2009s.stats.502.GausCurv.S_occipital_ant"
"208","lh.aparc.a2009s.stats.503.GausCurv.S_oc-temp_lat"
"209","lh.aparc.a2009s.stats.504.GausCurv.S_oc-temp_med_and_Lingual"
"210","lh.aparc.a2009s.stats.505.GausCurv.S_orbital_lateral"
"211","lh.aparc.a2009s.stats.506.GausCurv.S_orbital_med-olfact"
"212","lh.aparc.a2009s.stats.507.GausCurv.S_orbital-H_Shaped"
"213","lh.aparc.a2009s.stats.508.GausCurv.S_parieto_occipital"
"214","lh.aparc.a2009s.stats.509.GausCurv.S_pericallosal"
"215","lh.aparc.a2009s.stats.510.GausCurv.S_postcentral"
"216","lh.aparc.a2009s.stats.511.GausCurv.S_precentral-inf-part"
"217","lh.aparc.a2009s.stats.512.GausCurv.S_precentral-sup-part"
"218","lh.aparc.a2009s.stats.513.GausCurv.S_suborbital"
"219","lh.aparc.a2009s.stats.514.GausCurv.S_subparietal"
"220","lh.aparc.a2009s.stats.515.GausCurv.S_temporal_inf"
"221","lh.aparc.a2009s.stats.516.GausCurv.S_temporal_sup"
"222","lh.aparc.a2009s.stats.517.GausCurv.S_temporal_transverse"
"223","rh.aparc.a2009s.stats.222.ThickAvg.G_and_S_frontomargin"
"224","rh.aparc.a2009s.stats.223.ThickAvg.G_and_S_occipital_inf"
"225","rh.aparc.a2009s.stats.224.ThickAvg.G_and_S_paracentral"
"226","rh.aparc.a2009s.stats.225.ThickAvg.G_and_S_subcentral"
"227","rh.aparc.a2009s.stats.226.ThickAvg.G_and_S_transv_frontopol"
"228","rh.aparc.a2009s.stats.227.ThickAvg.G_and_S_cingul-Ant"
"229","rh.aparc.a2009s.stats.228.ThickAvg.G_and_S_cingul-Mid-Ant"
"230","rh.aparc.a2009s.stats.229.ThickAvg.G_and_S_cingul-Mid-Post"
"231","rh.aparc.a2009s.stats.230.ThickAvg.G_cingul-Post-dorsal"
"232","rh.aparc.a2009s.stats.231.ThickAvg.G_cingul-Post-ventral"
"233","rh.aparc.a2009s.stats.232.ThickAvg.G_cuneus"
"234","rh.aparc.a2009s.stats.233.ThickAvg.G_front_inf-Opercular"
"235","rh.aparc.a2009s.stats.234.ThickAvg.G_front_inf-Orbital"
"236","rh.aparc.a2009s.stats.235.ThickAvg.G_front_inf-Triangul"
"237","rh.aparc.a2009s.stats.236.ThickAvg.G_front_middle"
"238","rh.aparc.a2009s.stats.237.ThickAvg.G_front_sup"
"239","rh.aparc.a2009s.stats.238.ThickAvg.G_Ins_lg_and_S_cent_ins"
"240","rh.aparc.a2009s.stats.239.ThickAvg.G_insular_short"
"241","rh.aparc.a2009s.stats.240.ThickAvg.G_occipital_middle"
"242","rh.aparc.a2009s.stats.241.ThickAvg.G_occipital_sup"
"243","rh.aparc.a2009s.stats.242.ThickAvg.G_oc-temp_lat-fusifor"
"244","rh.aparc.a2009s.stats.243.ThickAvg.G_oc-temp_med-Lingual"
"245","rh.aparc.a2009s.stats.244.ThickAvg.G_oc-temp_med-Parahip"
"246","rh.aparc.a2009s.stats.245.ThickAvg.G_orbital"
"247","rh.aparc.a2009s.stats.246.ThickAvg.G_pariet_inf-Angular"
"248","rh.aparc.a2009s.stats.247.ThickAvg.G_pariet_inf-Supramar"
"249","rh.aparc.a2009s.stats.248.ThickAvg.G_parietal_sup"
"250","rh.aparc.a2009s.stats.249.ThickAvg.G_postcentral"
"251","rh.aparc.a2009s.stats.250.ThickAvg.G_precentral"
"252","rh.aparc.a2009s.stats.251.ThickAvg.G_precuneus"
"253","rh.aparc.a2009s.stats.252.ThickAvg.G_rectus"
"254","rh.aparc.a2009s.stats.253.ThickAvg.G_subcallosal"
"255","rh.aparc.a2009s.stats.254.ThickAvg.G_temp_sup-G_T_transv"
"256","rh.aparc.a2009s.stats.255.ThickAvg.G_temp_sup-Lateral"
"257","rh.aparc.a2009s.stats.256.ThickAvg.G_temp_sup-Plan_polar"
"258","rh.aparc.a2009s.stats.257.ThickAvg.G_temp_sup-Plan_tempo"
"259","rh.aparc.a2009s.stats.258.ThickAvg.G_temporal_inf"
"260","rh.aparc.a2009s.stats.259.ThickAvg.G_temporal_middle"
"261","rh.aparc.a2009s.stats.260.ThickAvg.Lat_Fis-ant-Horizont"
"262","rh.aparc.a2009s.stats.261.ThickAvg.Lat_Fis-ant-Vertical"
"263","rh.aparc.a2009s.stats.262.ThickAvg.Lat_Fis-post"
"264","rh.aparc.a2009s.stats.263.ThickAvg.Pole_occipital"
"265","rh.aparc.a2009s.stats.264.ThickAvg.Pole_temporal"
"266","rh.aparc.a2009s.stats.265.ThickAvg.S_calcarine"
"267","rh.aparc.a2009s.stats.266.ThickAvg.S_central"
"268","rh.aparc.a2009s.stats.267.ThickAvg.S_cingul-Marginalis"
"269","rh.aparc.a2009s.stats.268.ThickAvg.S_circular_insula_ant"
"270","rh.aparc.a2009s.stats.269.ThickAvg.S_circular_insula_inf"
"271","rh.aparc.a2009s.stats.270.ThickAvg.S_circular_insula_sup"
"272","rh.aparc.a2009s.stats.271.ThickAvg.S_collat_transv_ant"
"273","rh.aparc.a2009s.stats.272.ThickAvg.S_collat_transv_post"
"274","rh.aparc.a2009s.stats.273.ThickAvg.S_front_inf"
"275","rh.aparc.a2009s.stats.274.ThickAvg.S_front_middle"
"276","rh.aparc.a2009s.stats.275.ThickAvg.S_front_sup"
"277","rh.aparc.a2009s.stats.276.ThickAvg.S_interm_prim-Jensen"
"278","rh.aparc.a2009s.stats.277.ThickAvg.S_intrapariet_and_P_trans"
"279","rh.aparc.a2009s.stats.278.ThickAvg.S_oc_middle_and_Lunatus"
"280","rh.aparc.a2009s.stats.279.ThickAvg.S_oc_sup_and_transversal"
"281","rh.aparc.a2009s.stats.280.ThickAvg.S_occipital_ant"
"282","rh.aparc.a2009s.stats.281.ThickAvg.S_oc-temp_lat"
"283","rh.aparc.a2009s.stats.282.ThickAvg.S_oc-temp_med_and_Lingual"
"284","rh.aparc.a2009s.stats.283.ThickAvg.S_orbital_lateral"
"285","rh.aparc.a2009s.stats.284.ThickAvg.S_orbital_med-olfact"
"286","rh.aparc.a2009s.stats.285.ThickAvg.S_orbital-H_Shaped"
"287","rh.aparc.a2009s.stats.286.ThickAvg.S_parieto_occipital"
"288","rh.aparc.a2009s.stats.287.ThickAvg.S_pericallosal"
"289","rh.aparc.a2009s.stats.288.ThickAvg.S_postcentral"
"290","rh.aparc.a2009s.stats.289.ThickAvg.S_precentral-inf-part"
"291","rh.aparc.a2009s.stats.290.ThickAvg.S_precentral-sup-part"
"292","rh.aparc.a2009s.stats.291.ThickAvg.S_suborbital"
"293","rh.aparc.a2009s.stats.292.ThickAvg.S_subparietal"
"294","rh.aparc.a2009s.stats.293.ThickAvg.S_temporal_inf"
"295","rh.aparc.a2009s.stats.294.ThickAvg.S_temporal_sup"
"296","rh.aparc.a2009s.stats.295.ThickAvg.S_temporal_transverse"
"297","rh.aparc.a2009s.stats.370.MeanCurv.G_and_S_frontomargin"
"298","rh.aparc.a2009s.stats.371.MeanCurv.G_and_S_occipital_inf"
"299","rh.aparc.a2009s.stats.372.MeanCurv.G_and_S_paracentral"
"300","rh.aparc.a2009s.stats.373.MeanCurv.G_and_S_subcentral"
"301","rh.aparc.a2009s.stats.374.MeanCurv.G_and_S_transv_frontopol"
"302","rh.aparc.a2009s.stats.375.MeanCurv.G_and_S_cingul-Ant"
"303","rh.aparc.a2009s.stats.376.MeanCurv.G_and_S_cingul-Mid-Ant"
"304","rh.aparc.a2009s.stats.377.MeanCurv.G_and_S_cingul-Mid-Post"
"305","rh.aparc.a2009s.stats.378.MeanCurv.G_cingul-Post-dorsal"
"306","rh.aparc.a2009s.stats.379.MeanCurv.G_cingul-Post-ventral"
"307","rh.aparc.a2009s.stats.380.MeanCurv.G_cuneus"
"308","rh.aparc.a2009s.stats.381.MeanCurv.G_front_inf-Opercular"
"309","rh.aparc.a2009s.stats.382.MeanCurv.G_front_inf-Orbital"
"310","rh.aparc.a2009s.stats.383.MeanCurv.G_front_inf-Triangul"
"311","rh.aparc.a2009s.stats.384.MeanCurv.G_front_middle"
"312","rh.aparc.a2009s.stats.385.MeanCurv.G_front_sup"
"313","rh.aparc.a2009s.stats.386.MeanCurv.G_Ins_lg_and_S_cent_ins"
"314","rh.aparc.a2009s.stats.387.MeanCurv.G_insular_short"
"315","rh.aparc.a2009s.stats.388.MeanCurv.G_occipital_middle"
"316","rh.aparc.a2009s.stats.389.MeanCurv.G_occipital_sup"
"317","rh.aparc.a2009s.stats.390.MeanCurv.G_oc-temp_lat-fusifor"
"318","rh.aparc.a2009s.stats.391.MeanCurv.G_oc-temp_med-Lingual"
"319","rh.aparc.a2009s.stats.392.MeanCurv.G_oc-temp_med-Parahip"
"320","rh.aparc.a2009s.stats.393.MeanCurv.G_orbital"
"321","rh.aparc.a2009s.stats.394.MeanCurv.G_pariet_inf-Angular"
"322","rh.aparc.a2009s.stats.395.MeanCurv.G_pariet_inf-Supramar"
"323","rh.aparc.a2009s.stats.396.MeanCurv.G_parietal_sup"
"324","rh.aparc.a2009s.stats.397.MeanCurv.G_postcentral"
"325","rh.aparc.a2009s.stats.398.MeanCurv.G_precentral"
"326","rh.aparc.a2009s.stats.399.MeanCurv.G_precuneus"
"327","rh.aparc.a2009s.stats.400.MeanCurv.G_rectus"
"328","rh.aparc.a2009s.stats.401.MeanCurv.G_subcallosal"
"329","rh.aparc.a2009s.stats.402.MeanCurv.G_temp_sup-G_T_transv"
"330","rh.aparc.a2009s.stats.403.MeanCurv.G_temp_sup-Lateral"
"331","rh.aparc.a2009s.stats.404.MeanCurv.G_temp_sup-Plan_polar"
"332","rh.aparc.a2009s.stats.405.MeanCurv.G_temp_sup-Plan_tempo"
"333","rh.aparc.a2009s.stats.406.MeanCurv.G_temporal_inf"
"334","rh.aparc.a2009s.stats.407.MeanCurv.G_temporal_middle"
"335","rh.aparc.a2009s.stats.408.MeanCurv.Lat_Fis-ant-Horizont"
"336","rh.aparc.a2009s.stats.409.MeanCurv.Lat_Fis-ant-Vertical"
"337","rh.aparc.a2009s.stats.410.MeanCurv.Lat_Fis-post"
"338","rh.aparc.a2009s.stats.411.MeanCurv.Pole_occipital"
"339","rh.aparc.a2009s.stats.412.MeanCurv.Pole_temporal"
"340","rh.aparc.a2009s.stats.413.MeanCurv.S_calcarine"
"341","rh.aparc.a2009s.stats.414.MeanCurv.S_central"
"342","rh.aparc.a2009s.stats.415.MeanCurv.S_cingul-Marginalis"
"343","rh.aparc.a2009s.stats.416.MeanCurv.S_circular_insula_ant"
"344","rh.aparc.a2009s.stats.417.MeanCurv.S_circular_insula_inf"
"345","rh.aparc.a2009s.stats.418.MeanCurv.S_circular_insula_sup"
"346","rh.aparc.a2009s.stats.419.MeanCurv.S_collat_transv_ant"
"347","rh.aparc.a2009s.stats.420.MeanCurv.S_collat_transv_post"
"348","rh.aparc.a2009s.stats.421.MeanCurv.S_front_inf"
"349","rh.aparc.a2009s.stats.422.MeanCurv.S_front_middle"
"350","rh.aparc.a2009s.stats.423.MeanCurv.S_front_sup"
"351","rh.aparc.a2009s.stats.424.MeanCurv.S_interm_prim-Jensen"
"352","rh.aparc.a2009s.stats.425.MeanCurv.S_intrapariet_and_P_trans"
"353","rh.aparc.a2009s.stats.426.MeanCurv.S_oc_middle_and_Lunatus"
"354","rh.aparc.a2009s.stats.427.MeanCurv.S_oc_sup_and_transversal"
"355","rh.aparc.a2009s.stats.428.MeanCurv.S_occipital_ant"
"356","rh.aparc.a2009s.stats.429.MeanCurv.S_oc-temp_lat"
"357","rh.aparc.a2009s.stats.430.MeanCurv.S_oc-temp_med_and_Lingual"
"358","rh.aparc.a2009s.stats.431.MeanCurv.S_orbital_lateral"
"359","rh.aparc.a2009s.stats.432.MeanCurv.S_orbital_med-olfact"
"360","rh.aparc.a2009s.stats.433.MeanCurv.S_orbital-H_Shaped"
"361","rh.aparc.a2009s.stats.434.MeanCurv.S_parieto_occipital"
"362","rh.aparc.a2009s.stats.435.MeanCurv.S_pericallosal"
"363","rh.aparc.a2009s.stats.436.MeanCurv.S_postcentral"
"364","rh.aparc.a2009s.stats.437.MeanCurv.S_precentral-inf-part"
"365","rh.aparc.a2009s.stats.438.MeanCurv.S_precentral-sup-part"
"366","rh.aparc.a2009s.stats.439.MeanCurv.S_suborbital"
"367","rh.aparc.a2009s.stats.440.MeanCurv.S_subparietal"
"368","rh.aparc.a2009s.stats.441.MeanCurv.S_temporal_inf"
"369","rh.aparc.a2009s.stats.442.MeanCurv.S_temporal_sup"
"370","rh.aparc.a2009s.stats.443.MeanCurv.S_temporal_transverse"
"371","rh.aparc.a2009s.stats.444.GausCurv.G_and_S_frontomargin"
"372","rh.aparc.a2009s.stats.445.GausCurv.G_and_S_occipital_inf"
"373","rh.aparc.a2009s.stats.446.GausCurv.G_and_S_paracentral"
"374","rh.aparc.a2009s.stats.447.GausCurv.G_and_S_subcentral"
"375","rh.aparc.a2009s.stats.448.GausCurv.G_and_S_transv_frontopol"
"376","rh.aparc.a2009s.stats.449.GausCurv.G_and_S_cingul-Ant"
"377","rh.aparc.a2009s.stats.450.GausCurv.G_and_S_cingul-Mid-Ant"
"378","rh.aparc.a2009s.stats.451.GausCurv.G_and_S_cingul-Mid-Post"
"379","rh.aparc.a2009s.stats.452.GausCurv.G_cingul-Post-dorsal"
"380","rh.aparc.a2009s.stats.453.GausCurv.G_cingul-Post-ventral"
"381","rh.aparc.a2009s.stats.454.GausCurv.G_cuneus"
"382","rh.aparc.a2009s.stats.455.GausCurv.G_front_inf-Opercular"
"383","rh.aparc.a2009s.stats.456.GausCurv.G_front_inf-Orbital"
"384","rh.aparc.a2009s.stats.457.GausCurv.G_front_inf-Triangul"
"385","rh.aparc.a2009s.stats.458.GausCurv.G_front_middle"
"386","rh.aparc.a2009s.stats.459.GausCurv.G_front_sup"
"387","rh.aparc.a2009s.stats.460.GausCurv.G_Ins_lg_and_S_cent_ins"
"388","rh.aparc.a2009s.stats.461.GausCurv.G_insular_short"
"389","rh.aparc.a2009s.stats.462.GausCurv.G_occipital_middle"
"390","rh.aparc.a2009s.stats.463.GausCurv.G_occipital_sup"
"391","rh.aparc.a2009s.stats.464.GausCurv.G_oc-temp_lat-fusifor"
"392","rh.aparc.a2009s.stats.465.GausCurv.G_oc-temp_med-Lingual"
"393","rh.aparc.a2009s.stats.466.GausCurv.G_oc-temp_med-Parahip"
"394","rh.aparc.a2009s.stats.467.GausCurv.G_orbital"
"395","rh.aparc.a2009s.stats.468.GausCurv.G_pariet_inf-Angular"
"396","rh.aparc.a2009s.stats.469.GausCurv.G_pariet_inf-Supramar"
"397","rh.aparc.a2009s.stats.470.GausCurv.G_parietal_sup"
"398","rh.aparc.a2009s.stats.471.GausCurv.G_postcentral"
"399","rh.aparc.a2009s.stats.472.GausCurv.G_precentral"
"400","rh.aparc.a2009s.stats.473.GausCurv.G_precuneus"
"401","rh.aparc.a2009s.stats.474.GausCurv.G_rectus"
"402","rh.aparc.a2009s.stats.475.GausCurv.G_subcallosal"
"403","rh.aparc.a2009s.stats.476.GausCurv.G_temp_sup-G_T_transv"
"404","rh.aparc.a2009s.stats.477.GausCurv.G_temp_sup-Lateral"
"405","rh.aparc.a2009s.stats.478.GausCurv.G_temp_sup-Plan_polar"
"406","rh.aparc.a2009s.stats.479.GausCurv.G_temp_sup-Plan_tempo"
"407","rh.aparc.a2009s.stats.480.GausCurv.G_temporal_inf"
"408","rh.aparc.a2009s.stats.481.GausCurv.G_temporal_middle"
"409","rh.aparc.a2009s.stats.482.GausCurv.Lat_Fis-ant-Horizont"
"410","rh.aparc.a2009s.stats.483.GausCurv.Lat_Fis-ant-Vertical"
"411","rh.aparc.a2009s.stats.484.GausCurv.Lat_Fis-post"
"412","rh.aparc.a2009s.stats.485.GausCurv.Pole_occipital"
"413","rh.aparc.a2009s.stats.486.GausCurv.Pole_temporal"
"414","rh.aparc.a2009s.stats.487.GausCurv.S_calcarine"
"415","rh.aparc.a2009s.stats.488.GausCurv.S_central"
"416","rh.aparc.a2009s.stats.489.GausCurv.S_cingul-Marginalis"
"417","rh.aparc.a2009s.stats.490.GausCurv.S_circular_insula_ant"
"418","rh.aparc.a2009s.stats.491.GausCurv.S_circular_insula_inf"
"419","rh.aparc.a2009s.stats.492.GausCurv.S_circular_insula_sup"
"420","rh.aparc.a2009s.stats.493.GausCurv.S_collat_transv_ant"
"421","rh.aparc.a2009s.stats.494.GausCurv.S_collat_transv_post"
"422","rh.aparc.a2009s.stats.495.GausCurv.S_front_inf"
"423","rh.aparc.a2009s.stats.496.GausCurv.S_front_middle"
"424","rh.aparc.a2009s.stats.497.GausCurv.S_front_sup"
"425","rh.aparc.a2009s.stats.498.GausCurv.S_interm_prim-Jensen"
"426","rh.aparc.a2009s.stats.499.GausCurv.S_intrapariet_and_P_trans"
"427","rh.aparc.a2009s.stats.500.GausCurv.S_oc_middle_and_Lunatus"
"428","rh.aparc.a2009s.stats.501.GausCurv.S_oc_sup_and_transversal"
"429","rh.aparc.a2009s.stats.502.GausCurv.S_occipital_ant"
"430","rh.aparc.a2009s.stats.503.GausCurv.S_oc-temp_lat"
"431","rh.aparc.a2009s.stats.504.GausCurv.S_oc-temp_med_and_Lingual"
"432","rh.aparc.a2009s.stats.505.GausCurv.S_orbital_lateral"
"433","rh.aparc.a2009s.stats.506.GausCurv.S_orbital_med-olfact"
"434","rh.aparc.a2009s.stats.507.GausCurv.S_orbital-H_Shaped"
"435","rh.aparc.a2009s.stats.508.GausCurv.S_parieto_occipital"
"436","rh.aparc.a2009s.stats.509.GausCurv.S_pericallosal"
"437","rh.aparc.a2009s.stats.510.GausCurv.S_postcentral"
"438","rh.aparc.a2009s.stats.511.GausCurv.S_precentral-inf-part"
"439","rh.aparc.a2009s.stats.512.GausCurv.S_precentral-sup-part"
"440","rh.aparc.a2009s.stats.513.GausCurv.S_suborbital"
"441","rh.aparc.a2009s.stats.514.GausCurv.S_subparietal"
"442","rh.aparc.a2009s.stats.515.GausCurv.S_temporal_inf"
"443","rh.aparc.a2009s.stats.516.GausCurv.S_temporal_sup"
"444","rh.aparc.a2009s.stats.517.GausCurv.S_temporal_transverse"
"445","wmparc.stats.210.Volume_mm3.wm-lh-bankssts"
"446","wmparc.stats.211.Volume_mm3.wm-lh-caudalanteriorcingulate"
"447","wmparc.stats.212.Volume_mm3.wm-lh-caudalmiddlefrontal"
"448","wmparc.stats.213.Volume_mm3.wm-lh-cuneus"
"449","wmparc.stats.214.Volume_mm3.wm-lh-entorhinal"
"450","wmparc.stats.215.Volume_mm3.wm-lh-fusiform"
"451","wmparc.stats.216.Volume_mm3.wm-lh-inferiorparietal"
"452","wmparc.stats.217.Volume_mm3.wm-lh-inferiortemporal"
"453","wmparc.stats.218.Volume_mm3.wm-lh-isthmuscingulate"
"454","wmparc.stats.219.Volume_mm3.wm-lh-lateraloccipital"
"455","wmparc.stats.220.Volume_mm3.wm-lh-lateralorbitofrontal"
"456","wmparc.stats.221.Volume_mm3.wm-lh-lingual"
"457","wmparc.stats.222.Volume_mm3.wm-lh-medialorbitofrontal"
"458","wmparc.stats.223.Volume_mm3.wm-lh-middletemporal"
"459","wmparc.stats.224.Volume_mm3.wm-lh-parahippocampal"
"460","wmparc.stats.225.Volume_mm3.wm-lh-paracentral"
"461","wmparc.stats.226.Volume_mm3.wm-lh-parsopercularis"
"462","wmparc.stats.227.Volume_mm3.wm-lh-parsorbitalis"
"463","wmparc.stats.228.Volume_mm3.wm-lh-parstriangularis"
"464","wmparc.stats.229.Volume_mm3.wm-lh-pericalcarine"
"465","wmparc.stats.230.Volume_mm3.wm-lh-postcentral"
"466","wmparc.stats.231.Volume_mm3.wm-lh-posteriorcingulate"
"467","wmparc.stats.232.Volume_mm3.wm-lh-precentral"
"468","wmparc.stats.233.Volume_mm3.wm-lh-precuneus"
"469","wmparc.stats.234.Volume_mm3.wm-lh-rostralanteriorcingulate"
"470","wmparc.stats.235.Volume_mm3.wm-lh-rostralmiddlefrontal"
"471","wmparc.stats.236.Volume_mm3.wm-lh-superiorfrontal"
"472","wmparc.stats.237.Volume_mm3.wm-lh-superiorparietal"
"473","wmparc.stats.238.Volume_mm3.wm-lh-superiortemporal"
"474","wmparc.stats.239.Volume_mm3.wm-lh-supramarginal"
"475","wmparc.stats.240.Volume_mm3.wm-lh-frontalpole"
"476","wmparc.stats.241.Volume_mm3.wm-lh-temporalpole"
"477","wmparc.stats.242.Volume_mm3.wm-lh-transversetemporal"
"478","wmparc.stats.243.Volume_mm3.wm-lh-insula"
"479","wmparc.stats.244.Volume_mm3.wm-rh-bankssts"
"480","wmparc.stats.245.Volume_mm3.wm-rh-caudalanteriorcingulate"
"481","wmparc.stats.246.Volume_mm3.wm-rh-caudalmiddlefrontal"
"482","wmparc.stats.247.Volume_mm3.wm-rh-cuneus"
"483","wmparc.stats.248.Volume_mm3.wm-rh-entorhinal"
"484","wmparc.stats.249.Volume_mm3.wm-rh-fusiform"
"485","wmparc.stats.250.Volume_mm3.wm-rh-inferiorparietal"
"486","wmparc.stats.251.Volume_mm3.wm-rh-inferiortemporal"
"487","wmparc.stats.252.Volume_mm3.wm-rh-isthmuscingulate"
"488","wmparc.stats.253.Volume_mm3.wm-rh-lateraloccipital"
"489","wmparc.stats.254.Volume_mm3.wm-rh-lateralorbitofrontal"
"490","wmparc.stats.255.Volume_mm3.wm-rh-lingual"
"491","wmparc.stats.256.Volume_mm3.wm-rh-medialorbitofrontal"
"492","wmparc.stats.257.Volume_mm3.wm-rh-middletemporal"
"493","wmparc.stats.258.Volume_mm3.wm-rh-parahippocampal"
"494","wmparc.stats.259.Volume_mm3.wm-rh-paracentral"
"495","wmparc.stats.260.Volume_mm3.wm-rh-parsopercularis"
"496","wmparc.stats.261.Volume_mm3.wm-rh-parsorbitalis"
"497","wmparc.stats.262.Volume_mm3.wm-rh-parstriangularis"
"498","wmparc.stats.263.Volume_mm3.wm-rh-pericalcarine"
"499","wmparc.stats.264.Volume_mm3.wm-rh-postcentral"
"500","wmparc.stats.265.Volume_mm3.wm-rh-posteriorcingulate"
"501","wmparc.stats.266.Volume_mm3.wm-rh-precentral"
"502","wmparc.stats.267.Volume_mm3.wm-rh-precuneus"
"503","wmparc.stats.268.Volume_mm3.wm-rh-rostralanteriorcingulate"
"504","wmparc.stats.269.Volume_mm3.wm-rh-rostralmiddlefrontal"
"505","wmparc.stats.270.Volume_mm3.wm-rh-superiorfrontal"
"506","wmparc.stats.271.Volume_mm3.wm-rh-superiorparietal"
"507","wmparc.stats.272.Volume_mm3.wm-rh-superiortemporal"
"508","wmparc.stats.273.Volume_mm3.wm-rh-supramarginal"
"509","wmparc.stats.274.Volume_mm3.wm-rh-frontalpole"
"510","wmparc.stats.275.Volume_mm3.wm-rh-temporalpole"
"511","wmparc.stats.276.Volume_mm3.wm-rh-transversetemporal"
"512","wmparc.stats.277.Volume_mm3.wm-rh-insula"
"513","wmparc.stats.278.Volume_mm3.Left-UnsegmentedWhiteMatter"
"514","wmparc.stats.279.Volume_mm3.Right-UnsegmentedWhiteMatter"
"515","aseg.stats.135.Volume_mm3.Left-Lateral-Ventricle"
"516","aseg.stats.136.Volume_mm3.Left-Inf-Lat-Vent"
"517","aseg.stats.137.Volume_mm3.Left-Cerebellum-White-Matter"
"518","aseg.stats.138.Volume_mm3.Left-Cerebellum-Cortex"
"519","aseg.stats.139.Volume_mm3.Left-Thalamus"
"520","aseg.stats.140.Volume_mm3.Left-Caudate"
"521","aseg.stats.141.Volume_mm3.Left-Putamen"
"522","aseg.stats.142.Volume_mm3.Left-Pallidum"
"523","aseg.stats.143.Volume_mm3.3rd-Ventricle"
"524","aseg.stats.144.Volume_mm3.4th-Ventricle"
"525","aseg.stats.145.Volume_mm3.Brain-Stem"
"526","aseg.stats.146.Volume_mm3.Left-Hippocampus"
"527","aseg.stats.147.Volume_mm3.Left-Amygdala"
"528","aseg.stats.148.Volume_mm3.CSF"
"529","aseg.stats.149.Volume_mm3.Left-Accumbens-area"
"530","aseg.stats.150.Volume_mm3.Left-VentralDC"
"531","aseg.stats.151.Volume_mm3.Left-vessel"
"532","aseg.stats.152.Volume_mm3.Left-choroid-plexus"
"533","aseg.stats.153.Volume_mm3.Right-Lateral-Ventricle"
"534","aseg.stats.154.Volume_mm3.Right-Inf-Lat-Vent"
"535","aseg.stats.155.Volume_mm3.Right-Cerebellum-White-Matter"
"536","aseg.stats.156.Volume_mm3.Right-Cerebellum-Cortex"
"537","aseg.stats.157.Volume_mm3.Right-Thalamus"
"538","aseg.stats.158.Volume_mm3.Right-Caudate"
"539","aseg.stats.159.Volume_mm3.Right-Putamen"
"540","aseg.stats.160.Volume_mm3.Right-Pallidum"
"541","aseg.stats.161.Volume_mm3.Right-Hippocampus"
"542","aseg.stats.162.Volume_mm3.Right-Amygdala"
"543","aseg.stats.163.Volume_mm3.Right-Accumbens-area"
"544","aseg.stats.164.Volume_mm3.Right-VentralDC"
"545","aseg.stats.165.Volume_mm3.Right-vessel"
"546","aseg.stats.166.Volume_mm3.Right-choroid-plexus"
"547","aseg.stats.167.Volume_mm3.5th-Ventricle"
"548","aseg.stats.168.Volume_mm3.WM-hypointensities"
"549","aseg.stats.171.Volume_mm3.non-WM-hypointensities"
"550","aseg.stats.174.Volume_mm3.Optic-Chiasm"
"551","aseg.stats.175.Volume_mm3.CC_Posterior"
"552","aseg.stats.176.Volume_mm3.CC_Mid_Posterior"
"553","aseg.stats.177.Volume_mm3.CC_Central"
"554","aseg.stats.178.Volume_mm3.CC_Mid_Anterior"
"555","aseg.stats.179.Volume_mm3.CC_Anterior"
